Age,Gender,Medical Condition,Medication,Admission Type
30,Male,Cancer,Paracetamol,Urgent
62,Male,Obesity,Ibuprofen,Emergency
76,Female,Obesity,Aspirin,Emergency
28,Female,Diabetes,Ibuprofen,Elective
43,Female,Cancer,Penicillin,Urgent
36,Male,Asthma,Ibuprofen,Urgent
21,Female,Diabetes,Paracetamol,Emergency
20,Female,Cancer,Paracetamol,Emergency
82,Male,Asthma,Aspirin,Elective
58,Female,Cancer,Paracetamol,Elective
72,Male,Cancer,Paracetamol,Urgent
38,Female,Hypertension,Lipitor,Urgent
75,Female,Diabetes,Penicillin,Emergency
68,Female,Asthma,Lipitor,Urgent
44,Female,Cancer,Paracetamol,Urgent
46,Female,Obesity,Aspirin,Elective
63,Female,Arthritis,Paracetamol,Elective
38,Male,Obesity,Paracetamol,Urgent
34,Female,Hypertension,Aspirin,Elective
63,Male,Asthma,Penicillin,Elective
67,Female,Asthma,Aspirin,Elective
48,Male,Asthma,Lipitor,Urgent
58,Female,Arthritis,Lipitor,Urgent
59,Male,Asthma,Lipitor,Urgent
72,Female,Hypertension,Paracetamol,Emergency
73,Male,Obesity,Aspirin,Urgent
51,Female,Asthma,Ibuprofen,Elective
34,Female,Diabetes,Lipitor,Emergency
38,Female,Hypertension,Penicillin,Emergency
63,Female,Hypertension,Paracetamol,Elective
34,Male,Asthma,Ibuprofen,Urgent
23,Female,Arthritis,Penicillin,Urgent
78,Male,Arthritis,Penicillin,Elective
43,Male,Cancer,Ibuprofen,Elective
30,Female,Diabetes,Lipitor,Emergency
25,Female,Asthma,Lipitor,Elective
33,Male,Diabetes,Paracetamol,Urgent
26,Female,Hypertension,Ibuprofen,Urgent
70,Female,Diabetes,Lipitor,Emergency
57,Female,Obesity,Penicillin,Urgent
74,Female,Hypertension,Lipitor,Emergency
81,Male,Hypertension,Aspirin,Urgent
49,Female,Asthma,Paracetamol,Elective
26,Female,Obesity,Paracetamol,Urgent
81,Female,Cancer,Penicillin,Urgent
65,Male,Cancer,Penicillin,Emergency
31,Female,Hypertension,Paracetamol,Elective
58,Male,Diabetes,Aspirin,Urgent
22,Male,Hypertension,Ibuprofen,Urgent
77,Female,Asthma,Ibuprofen,Urgent
30,Male,Hypertension,Paracetamol,Emergency
42,Female,Cancer,Ibuprofen,Emergency
67,Female,Cancer,Penicillin,Urgent
24,Female,Obesity,Lipitor,Elective
84,Female,Asthma,Ibuprofen,Elective
73,Female,Hypertension,Paracetamol,Emergency
55,Female,Cancer,Paracetamol,Emergency
23,Male,Hypertension,Ibuprofen,Emergency
40,Female,Cancer,Ibuprofen,Urgent
51,Male,Hypertension,Paracetamol,Elective
83,Male,Obesity,Paracetamol,Elective
63,Male,Asthma,Ibuprofen,Emergency
18,Male,Cancer,Aspirin,Emergency
23,Female,Hypertension,Aspirin,Elective
58,Male,Hypertension,Aspirin,Emergency
27,Male,Cancer,Lipitor,Urgent
59,Male,Diabetes,Penicillin,Emergency
27,Male,Hypertension,Lipitor,Elective
31,Male,Diabetes,Penicillin,Emergency
19,Female,Arthritis,Penicillin,Elective
29,Female,Cancer,Ibuprofen,Urgent
18,Male,Obesity,Aspirin,Emergency
24,Male,Cancer,Paracetamol,Emergency
27,Male,Diabetes,Penicillin,Urgent
57,Female,Arthritis,Paracetamol,Elective
74,Female,Arthritis,Paracetamol,Emergency
22,Female,Arthritis,Penicillin,Urgent
33,Female,Diabetes,Penicillin,Emergency
57,Male,Arthritis,Penicillin,Emergency
61,Male,Cancer,Ibuprofen,Urgent
20,Male,Arthritis,Ibuprofen,Emergency
67,Male,Hypertension,Penicillin,Urgent
80,Female,Diabetes,Penicillin,Elective
44,Male,Obesity,Aspirin,Emergency
26,Female,Asthma,Ibuprofen,Emergency
80,Male,Cancer,Ibuprofen,Emergency
63,Male,Asthma,Penicillin,Emergency
58,Female,Arthritis,Ibuprofen,Emergency
38,Female,Cancer,Aspirin,Elective
60,Male,Hypertension,Paracetamol,Elective
49,Male,Cancer,Penicillin,Elective
80,Male,Diabetes,Lipitor,Emergency
35,Female,Diabetes,Ibuprofen,Elective
84,Male,Asthma,Ibuprofen,Urgent
76,Male,Diabetes,Lipitor,Elective
79,Female,Hypertension,Lipitor,Elective
76,Female,Diabetes,Aspirin,Elective
55,Female,Diabetes,Ibuprofen,Elective
53,Male,Cancer,Aspirin,Elective
18,Male,Asthma,Aspirin,Elective
